drugNameOfficial,cIds,molecularWeight,smilesString
everolimus,CIDs06442177,958.22442,CC1CCC2CC(C(=CC=CC=CC(CC(C(=O)C(C(C(=CC(C(=O)CC(OC(=O)C3CCCCN3C(=O)C(=O)C1(O2)O)C(C)CC4CCC(C(C4)OC)OCCO)C)C)O)OC)C)C)C)OC
vincristine sulfate,CIDs05388992,923.03612,CCC1(CC2CC(C3=C(CCN(C2)C1)C4=CC=CC=C4N3)(C5=C(C=C6C(=C5)C78CCN9C7C(C=CC9)(C(C(C8N6C=O)(C(=O)OC)O)OC(=O)C)CC)OC)C(=O)OC)O.OS(=O)(=O)O
doxorubicin,CIDs00031703,543.51926,CC1C(C(CC(O1)OC2CC(CC3=C(C4=C(C(=C23)O)C(=O)C5=C(C4=O)C=CC=C5OC)O)(C(=O)CO)O)N)O
Lyovac Cosmegen,CIDs00457193,1255.41704,CC1C(C(=O)NC(C(=O)N2CCCC2C(=O)N(CC(=O)N(C(C(=O)O1)C(C)C)C)C)C(C)C)NC(=O)C3=C4C(=C(C=C3)C)OC5=C(C(=O)C(=C(C5=N4)C(=O)NC6C(OC(=O)C(N(C(=O)CN(C(=O)C7CCCN7C(=O)C(NC6=O)C(C)C)C)C)C(C)C)C)N)C
mithramycin,CIDs00163659,1085.14544,CC1C(C(CC(O1)OC2CC(OC(C2O)C)OC3=CC4=CC5=C(C(=O)C(C(C5)C(C(=O)C(C(C)O)O)OC)OC6CC(C(C(O6)C)O)OC7CC(C(C(O7)C)O)OC8CC(C(C(O8)C)O)(C)O)C(=C4C(=C3C)O)O)O)O
ponatinib,CIDs24826799,532.55949,CC1=C(C=C(C=C1)C(=O)NC2=CC(=C(C=C2)CN3CCN(CC3)C)C(F)(F)F)C#CC4=CN=C5N4N=CC=C5
rebastinib,CIDs25066467,553.586823,CC(C)(C)C1=NN(C(=C1)NC(=O)NC2=C(C=C(C=C2)OC3=CC(=NC=C3)C(=O)NC)F)C4=CC5=C(C=C4)N=CC=C5
AV412,CIDs09806229,507.002223,CC(C)(C#CC1=CC2=C(C=C1NC(=O)C=C)C(=NC=N2)NC3=CC(=C(C=C3)F)Cl)N4CCN(CC4)C
dacomitinib,CIDs11511120,469.939003,COC1=C(C=C2C(=C1)N=CN=C2NC3=CC(=C(C=C3)F)Cl)NC(=O)C=CCN4CCCCC4
NVP-AEE788,CIDs10297043,440.58318,CCN1CCN(CC1)CC2=CC=C(C=C2)C3=CC4=C(N3)N=CN=C4NC(C)C5=CC=CC=C5
CUDC-101,CIDs24756910,434.48764,COC1=C(C=C2C(=C1)N=CN=C2NC3=CC=CC(=C3)C#C)OCCCCCCC(=O)NO
pelitinib,CIDs06445562,467.923123,CCOC1=C(C=C2C(=C1)N=CC(=C2NC3=CC(=C(C=C3)F)Cl)C#N)NC(=O)C=CCN(C)C
telatinib,CIDs09808844,409.82574,CNC(=O)C1=NC=CC(=C1)COC2=NN=C(C3=C2OC=C3)NC4=CC=C(C=C4)Cl
cabozantinib,CIDs25102847,501.505663,COC1=CC2=C(C=CN=C2C=C1OC)OC3=CC=C(C=C3)NC(=O)C4(CC4)C(=O)NC5=CC=C(C=C5)F
lenvatinib,CIDs09823820,426.85296,COC1=CC2=NC=CC(=C2C=C1C(=O)N)OC3=CC(=C(C=C3)NC(=O)NC4CC4)Cl
PD 173074,CIDs00001401,523.67024,CCN(CC)CCCCNC1=NC2=NC(=C(C=C2C=N1)C3=CC(=CC(=C3)OC)OC)NC(=O)NC(C)(C)C
amuvatinib,CIDs11282283,447.50954,C1CN(CCN1C2=NC=NC3=C2OC4=CC=CC=C43)C(=S)NCC5=CC6=C(C=C5)OCO6
OSI-930,CIDs09868037,443.44155,C1=CC=C2C(=C1)C(=CC=N2)CNC3=C(SC=C3)C(=O)NC4=CC=C(C=C4)OC(F)(F)F
crizotinib,CIDs11626560,450.336683,CC(C1=C(C=CC(=C1Cl)F)Cl)OC2=C(N=CC(=C2)C3=CN(N=C3)C4CCNCC4)N
PHA-665752,CIDs10461815,641.60776,CC1=C(NC(=C1C(=O)N2CCCC2CN3CCCC3)C)C=C4C5=C(C=CC(=C5)S(=O)(=O)CC6=C(C=CC=C6Cl)Cl)NC4=O
PF-04217903,CIDs17754438,372.38334,C1=CC2=C(C=CC(=C2)CN3C4=NC(=CN=C4N=N3)C5=CN(N=C5)CCO)N=C1
JNJ-38877605,CIDs46911863,377.350226,CN1C=C(C=N1)C2=NN3C(=NN=C3C(C4=CC5=C(C=C4)N=CC=C5)(F)F)C=C2
SGX-523,CIDs24779724,359.40772,CN1C=C(C=N1)C2=NN3C(=NN=C3SC4=CC5=C(C=C4)N=CC=C5)C=C2
linsitinib,CIDs11640390,421.49372,CC1(CC(C1)C2=NC(=C3N2C=CN=C3N)C4=CC5=C(C=C4)C=CC(=N5)C6=CC=CC=C6)O
SB 525334,CIDs09967941,343.42494,CC1=CC=CC(=N1)C2=C(N=C(N2)C(C)(C)C)C3=CC4=NC=CN=C4C=C3
GSK2126458,CIDs25167777,505.495986,COC1=C(C=C(C=N1)C2=CC3=C(C=CN=C3C=C2)C4=CN=NC=C4)NS(=O)(=O)C5=C(C=C(C=C5)F)F
NVP-BKM120,CIDs16654980,410.39355,C1COCCN1C2=NC(=NC(=C2)C3=CN=C(C=C3C(F)(F)F)N)N4CCOCC4
deguelin,CIDs00107935,394.41718,CC1(C=CC2=C(O1)C=CC3=C2OC4COC5=CC(=C(C=C5C4C3=O)OC)OC)C
MK-2206 dihydrochloride,CIDs24964624,407.46714,C1CC(C1)(C2=CC=C(C=C2)C3=C(C=C4C(=N3)C=CN5C4=NNC5=O)C6=CC=CC=C6)N
GSK690693,CIDs16725726,425.48418,CCN1C2=C(C(=NC=C2OCC3CCCNC3)C#CC(C)(C)O)N=C1C4=NON=C4N
NVP-BEZ235,CIDs11977753,469.53652,CC(C)(C#N)C1=CC=C(C=C1)N2C3=C4C=C(C=CC4=NC=C3N(C2=O)C)C5=CC6=CC=CC=C6N=C5
Apitolisib,CIDs25254071,498.6011,CC1=C(SC2=C1N=C(N=C2N3CCOCC3)C4=CN=C(N=C4)N)CN5CCN(CC5)C(=O)C(C)O
AZD8055,CIDs25262965,465.54474,CC1COCCN1C2=NC(=NC3=C2C=CC(=N3)C4=CC(=C(C=C4)OC)CO)N5CCOCC5C
OSI-027,CIDs44224160,406.43778,COC1=CC=CC2=CC(=C3C4=C(N=CNN4C(=N3)C5CCC(CC5)C(=O)O)N)N=C21
withaferin A,CIDs00265237,470.59772,CC1=C(C(=O)OC(C1)C(C)C2CCC3C2(CCC4C3CC5C6(C4(C(=O)C=CC6O)C)O5)C)CO
CDDO-Me,CIDs00400769,505.68812,CC1(CCC2(CCC3(C(C2C1)C(=O)C=C4C3(CCC5C4(C=C(C(=O)C5(C)C)C#N)C)C)C)C(=O)OC)C
IKK-2 inhibitor V,CIDs05081913,383.672939,C1=CC(=C(C=C1Cl)C(=O)NC2=CC(=CC(=C2)C(F)(F)F)C(F)(F)F)O
A4715,CIDs09820526,366.39376,CC1=CC(=O)N(C1=O)NC2=NC(=NC3=C2C(=CC=C3)OC)C4=CC=CS4
navitoclax,CIDs24978538,974.61271,CC1(CCC(=C(C1)CN2CCN(CC2)C3=CC=C(C=C3)C(=O)NS(=O)(=O)C4=CC(=C(C=C4)NC(CCN5CCOCC5)CSC6=CC=CC=C6)S(=O)(=O)C(F)(F)F)C7=CC=C(C=C7)Cl)C
Nutlin,CIDs00216345,581.4896,CC(C)OC1=C(C=CC(=C1)OC)C2=NC(C(N2C(=O)N3CCNC(=O)C3)C4=CC=C(C=C4)Cl)C5=CC=C(C=C5)Cl
Serdemetan,CIDs11609586,328.4103,C1=CC=C2C(=C1)C(=CN2)CCNC3=CC=C(C=C3)NC4=CC=NC=C4
flavopiridol,CIDs05287969,401.8402,CN1CCC(C(C1)O)C2=C(C=C(C3=C2OC(=CC3=O)C4=CC=CC=C4Cl)O)O
AT7519,CIDs11338033,382.24448,C1CNCCC1NC(=O)C2=C(C=NN2)NC(=O)C3=C(C=CC=C3Cl)Cl
JNJ-7706621,CIDs05330790,394.355986,C1=CC(=C(C(=C1)F)C(=O)N2C(=NC(=N2)NC3=CC=C(C=C3)S(=O)(=O)N)N)F
tozasertib,CIDs05494449,464.58642,CC1=CC(=NN1)NC2=NC(=NC(=C2)N3CCN(CC3)C)SC4=CC=C(C=C4)NC(=O)C5CC5
danusertib,CIDs11442891,474.5548,CN1CCN(CC1)C2=CC=C(C=C2)C(=O)NC3=NNC4=C3CN(C4)C(=O)C(C5=CC=CC=C5)OC
AZD1152,CIDs11497983,587.539805,CCN(CCCOC1=CC2=C(C=C1)C(=NC=N2)NC3=NNC(=C3)CC(=O)NC4=CC(=CC=C4)F)CCOP(=O)(O)O
CHIR-265,CIDs11656518,518.413859,CN1C2=C(C=C(C=C2)OC3=CC(=NC=C3)C4=NC=C(N4)C(F)(F)F)N=C1NC5=CC=C(C=C5)C(F)(F)F
trametinib,CIDs11707110,615.394793,CC1=C2C(=C(N(C1=O)C)NC3=C(C=C(C=C3)I)F)C(=O)N(C(=O)N2C4=CC(=CC=C4)NC(=O)C)C5CC5
TAK-733,CIDs24963252,504.226676,CN1C2=C(C(=C(C1=O)F)NC3=C(C=C(C=C3)I)F)C(=O)N(C=N2)CC(CO)O
XMD8-92,CIDs46843772,474.5548,CCOC1=C(C=CC(=C1)N2CCC(CC2)O)NC3=NC=C4C(=N3)N(C5=CC=CC=C5C(=O)N4C)C
VX-11e,CIDs11634725,500.352303,CC1=CN=C(N=C1C2=CNC(=C2)C(=O)NC(CO)C3=CC(=CC=C3)Cl)NC4=C(C=C(C=C4)F)Cl
CHEMBL1641799,CIDs53317853,358.41482,CC(C)(C)C1=CC(=C(S1)NC(=O)NC2=CC3=C(C=C2)NN=C3)C(=O)O
PF-4708671,CIDs51371303,390.40545,CCC1=CN=CN=C1N2CCN(CC2)CC3=NC4=C(N3)C=C(C=C4)C(F)(F)F
PF-431396,CIDs11598628,506.50075,CN(C1=CC=CC=C1CNC2=NC(=NC=C2C(F)(F)F)NC3=CC4=C(C=C3)NC(=O)C4)S(=O)(=O)C
PF 573228,CIDs11612883,491.48611,CS(=O)(=O)C1=CC=CC(=C1)CNC2=NC(=NC=C2C(F)(F)F)NC3=CC4=C(C=C3)NC(=O)CC4
ibrutinib,CIDs24821094,440.49706,C=CC(=O)N1CCCC(C1)N2C3=C(C(=N2)C4=CC=C(C=C4)OC5=CC=CC=C5)C(=NC=N3)N
AGN-PC-050QAE,CIDs25256849,494.65216,CC(C(C)(C)C)NCC1=CC2=C(C=C1)N(C(=N2)NC(=O)C3=CC=C(S3)C4=CNN=C4)CC(C)(C)O
BMS-509744,CIDs11467730,623.82904,CC1=C(C=C(C(=C1)OC)C(=O)N2CCN(CC2)C(=O)C)SC3=CN=C(S3)NC(=O)C4=CC=C(C=C4)CNC(C)C(C)(C)C
sotrastaurin,CIDs10296883,438.48118,CN1CCN(CC1)C2=NC3=CC=CC=C3C(=N2)C4=C(C(=O)NC4=O)C5=CNC6=CC=CC=C65
ruboxistaurin,CIDs00153999,468.54692,CN(C)CC1CCN2C=C(C3=CC=CC=C32)C4=C(C5=CN(CCO1)C6=CC=CC=C65)C(=O)NC4=O
CHEMBL1836853,CIDs53484170,420.442843,CC1=CN2C(=CN=C2C(=N1)NC3=C(C=C(C=C3)C(=O)N4CCNCC4)F)C5=CNN=C5
GSK461364A,CIDs15983966,543.60373,CC(C1=CC=CC=C1C(F)(F)F)OC2=C(SC(=C2)N3C=NC4=C3C=C(C=C4)CN5CCN(CC5)C)C(=O)N
lestaurtinib,CIDs00126565,439.46264,CC12C(CC(O1)N3C4=CC=CC=C4C5=C6C(=C7C8=CC=CC=C8N2C7=C53)CNC6=O)(CO)O
cyclopamine,CIDs00442972,411.61994,CC1CC2C(C(C3(O2)CCC4C5CC=C6CC(CCC6(C5CC4=C3C)C)O)C)NC1
AGN-PC-072DHC,CIDs44195701,526.040346,CNC1CCC(CC1)N(CC2=CC=CC(=C2)C3=CC=NC=C3)C(=O)C4=C(C5=C(C=CC(=C5S4)F)F)Cl
MK-0752,CIDs09803433,442.903846,C1CC(CCC1CCC(=O)O)(C2=C(C=CC(=C2)F)F)S(=O)(=O)C3=CC=C(C=C3)Cl
deshydroxy LY411575,CIDs11454028,463.475926,CC(C(=O)NC1C2=CC=CC=C2C3=CC=CC=C3N(C1=O)C)NC(=O)CC4=CC(=CC(=C4)F)F
SB-265610,CIDs09841667,357.16486,C1=CC=C(C(=C1)NC(=O)NC2=CC=C(C3=NNN=C23)C#N)Br
apilimod,CIDs10173277,418.49154,CC1=CC=CC(=C1)C=NNC2=NC(=NC(=C2)N3CCOCC3)OCCC4=CC=CC=N4
AGN-PC-0MWC3L,CIDs09849040,505.52604,CCN(CC)CCCCNC1=NC2=CC(=C(C=C2N=C1C3=CC=C(S3)C4=CC=CS4)Cl)Cl
SGI-1776,CIDs24795070,405.41679,CN1CCC(CC1)CNC2=NN3C(=NC=C3C4=CC(=CC=C4)OC(F)(F)F)C=C2
Ki20227,CIDs09869779,480.53616,CC(C1=NC=CS1)NC(=O)NC2=C(C=C(C=C2)OC3=C4C=C(C(=CC4=NC=C3)OC)OC)OC
adenosine kinase inhibitor,CIDs00001973,463.32986,C1COCCN1C2=NC=C(C=C2)C3=NC4=C(C(=C3)C5=CC(=CC=C5)Br)C(=NC=N4)N
AZ 3146,CIDs56973724,452.54928,CN1CCC(CC1)OC2=CC(=C(C=C2)NC3=NC=C4C(=N3)N(C(=O)N4C)C5CCCC5)OC
MK-1775,CIDs24856436,500.59538,CC(C)(C1=NC(=CC=C1)N2C3=NC(=NC=C3C(=O)N2CC=C)NC4=CC=C(C=C4)N5CCN(CC5)C)O
CAY10466,CIDs16038965,422.55822,CCCCCCCCCCCCCC(=O)NC(CO)C(C1=CC=C(C=C1)[N+](=O)[O-])O
pazopanib,CIDs10113978,437.51802,CC1=C(C=C(C=C1)NC2=NC=CC(=N2)N(C)C3=CC4=NN(C(=C4C=C3)C)C)S(=O)(=O)N
fedratinib,CIDs16722836,524.67814,CC1=CN=C(N=C1NC2=CC(=CC=C2)S(=O)(=O)NC(C)(C)C)NC3=CC=C(C=C3)OCCN4CCCC4
BIIB021,CIDs16736529,318.7615,CC1=CN=C(C(=C1OC)C)CN2C=NC3=C2N=C(N=C3Cl)N
NVP-AUY922,CIDs10096043,465.54144,CCNC(=O)C1=C(C(=C2C=C(C(=CC2=O)O)C(C)C)ON1)C3=CC=C(C=C3)CN4CCOCC4
belinostat,CIDs06918638,318.34766,C1=CC=C(C=C1)NS(=O)(=O)C2=CC=CC(=C2)C=CC(=O)NO
panobinostat,CIDs06918837,349.42622,CC1=C(C2=CC=CC=C2N1)CCNCC3=CC=C(C=C3)C=CC(=O)NO
depsipeptide,CIDs05352062,540.69584,CC=C1C(=O)NC(C(=O)OC2CC(=O)NC(C(=O)NC(CSSCCC=C2)C(=O)N1)C(C)C)C(C)C
mg149,CIDs49864204,340.45592,CCCCCCCC1=CC=C(C=C1)CCC2=C(C(=CC=C2)O)C(=O)O
veliparib,CIDs11960529,244.29234,CC1(CCCN1)C2=NC3=C(C=CC=C3N2)C(=O)N
carfilzomib,CIDs11556711,719.90988,CC(C)CC(C(=O)C1(CO1)C)NC(=O)C(CC2=CC=CC=C2)NC(=O)C(CC(C)C)NC(=O)C(CCC3=CC=CC=C3)NC(=O)CN4CCOCC4
bortezomib,CIDs00387447,384.2372,B(C(CC(C)C)NC(=O)C(CC1=CC=CC=C1)NC(=O)C2=NC=CN=C2)(O)O
(+)-JQ-1,CIDs46907787,456.9882,CC1=C(SC2=C1C(=NC(C3=NN=C(N32)C)CC(=O)OC(C)(C)C)C4=CC=C(C=C4)Cl)C
dexamethasone,CIDs00005743,392.461063,CC1CC2C3CCC4=CC(=O)C=CC4(C3(C(CC2(C1(C(=O)CO)O)C)O)F)C
2-methoxyestradiol,CIDs00066414,302.40794,CC12CCC3C(C1CCC2O)CCC4=CC(=C(C=C34)OC)O
quercetin,CIDs05280343,302.2357,C1=CC(=C(C=C1C2=C(C(=O)C3=C(C=C(C=C3O2)O)O)O)O)O
seocalcitol,CIDs05288149,454.68444,CCC(CC)(C=CC=CC(C)C1CCC2C1(CCCC2=CC=C3CC(CC(C3=C)O)O)C)O
enzalutamide,CIDs15951529,464.435953,CC1(C(=O)N(C(=S)N1C2=CC(=C(C=C2)C(=O)NC)F)C3=CC(=C(C=C3)C#N)C(F)(F)F)C
apratastat,CIDs11452716,414.49638,CC1(C(N(CCS1)S(=O)(=O)C2=CC=C(C=C2)OCC#CCO)C(=O)NO)C
AC1MCFA7,CIDs02742550,471.51463,CC1=C(C=C(N1CCCN2CCOCC2)C3=CC=CC=C3)C(=O)NC4=CC=CC(=C4)C(F)(F)F
elacridar,CIDs00119373,563.64292,COC1=CC=CC2=C1NC3=C(C2=O)C=CC=C3C(=O)NC4=CC=C(C=C4)CCN5CCC6=CC(=C(C=C6C5)OC)OC
olprinone,CIDs00004593,250.2554,CC1=C(C=C(C(=O)N1)C#N)C2=CN3C=CN=C3C=C2
AGN-PC-080AQL,CIDs46933992,463.515686,CC(C)(CCC1=CC=C(C=C1)OCC2=CC(=C3C(=C2)C=CC=N3)C4=CC(=CC=C4)OC(F)F)O
alacepril,CIDs00071992,406.49584,CC(CSC(=O)C)C(=O)N1CCCC1C(=O)NC(CC2=CC=CC=C2)C(=O)O
Q-4397,CIDs09953906,420.442843,C1COCCN1C2=C(N=C(N=C2N)C3=NN(C4=C3C=CC=N4)CC5=CC=CC=C5F)N
vinpocetine,CIDs00443955,350.45404,CCC12CCCN3C1C4=C(CC3)C5=CC=CC=C5N4C(=C2)C(=O)OCC
Gw 4064,CIDs09893571,542.83758,CC(C)C1=C(C(=NO1)C2=C(C=CC=C2Cl)Cl)COC3=CC(=C(C=C3)C=CC4=CC(=CC=C4)C(=O)O)Cl
Tocris-1274,CIDs03570748,414.536083,COC1(CCN(CC1)CCC2=CNC3=C2C=C(C=C3)F)CS(=O)C4=CC=CC=C4
maraviroc,CIDs03002977,513.665546,CC1=NN=C(N1C2CC3CCC(C2)N3CCC(C4=CC=CC=C4)NC(=O)C5CCC(CC5)(F)F)C(C)C
LY320135,CIDs05311257,383.39608,COC1=CC=C(C=C1)C2=C(C3=C(O2)C=C(C=C3)OC)C(=O)C4=CC=C(C=C4)C#N
MK-886,CIDs03651377,472.08236,CC(C)C1=CC2=C(C=C1)N(C(=C2SC(C)(C)C)CC(C)(C)C(=O)O)CC3=CC=C(C=C3)Cl
BAYx 1005,CIDs00123723,361.43362,C1CCC(C1)C(C2=CC=C(C=C2)OCC3=NC4=CC=CC=C4C=C3)C(=O)O
AGN-PC-076IJG,CIDs44460130,456.53614,C1=CC=C2C(=C1)C=CC=C2C3=NN=C(O3)SCC#CCOC(=O)C4=CC5=CC=CC=C5S4
PF-3845,CIDs25154867,456.46023,C1CN(CCC1CC2=CC(=CC=C2)OC3=NC=C(C=C3)C(F)(F)F)C(=O)NC4=CN=CC=C4
AC1M5LMA,CIDs02331284,306.40478,CC1=CC(=C(N1C2=CC=CC=C2)C)C3=NN=C4N3CCCCC4
vapiprost,CIDs06918029,514.0959,C1CCN(CC1)C2C(CC(C2CCC=CCCC(=O)O)OCC3=CC=C(C=C3)C4=CC=CC=C4)O.Cl
daporinad,CIDs06914657,391.50596,C1CN(CCC1CCCCNC(=O)C=CC2=CN=CC=C2)C(=O)C3=CC=CC=C3
ML141,CIDs02950007,407.48544,COC1=CC=C(C=C1)C2CC(=NN2C3=CC=C(C=C3)S(=O)(=O)N)C4=CC=CC=C4
caroverine,CIDs00065709,365.46868,CCN(CC)CCN1C2=CC=CC=C2N=C(C1=O)CC3=CC=C(C=C3)OC
salinomycin,CIDs03085092,750.9986,CCC(C1CCC(C(O1)C(C)C(C(C)C(=O)C(CC)C2C(CC(C3(O2)C=CC(C4(O3)CCC(O4)(C)C5CCC(C(O5)C)(CC)O)O)C)C)O)C)C(=O)O
NCGC00263265-01,CIDs57519524,832.0514,CC1CCC2C(C(OC3C24C1CCC(O3)(OO4)C)CC(CC5C(C6CCC(C7C68C(O5)OC(CC7)(OO8)C)C)C)C[S+](=O)(C9=CC=C(C=C9)COC(=O)N(C)C)[O-])C
etoposide,CIDs00036462,588.55658,CC1OCC2C(O1)C(C(C(O2)OC3C4COC(=O)C4C(C5=CC6=C(C=C35)OCO6)C7=CC(=C(C(=C7)OC)O)OC)O)O
mitomycin C,CIDs00005746,334.32722,CC1=C(C(=O)C2=C(C1=O)N3CC4C(C3(C2COC(=O)N)OC)N4)N
methotrexate,CIDs00126941,454.43928,CN(CC1=CN=C2C(=N1)C(=NC(=N2)N)N)C3=CC=C(C=C3)C(=O)NC(CCC(=O)O)C(=O)O
pralatrexate,CIDs00148121,477.47262,C#CCC(CC1=CN=C2C(=N1)C(=NC(=N2)N)N)C3=CC=C(C=C3)C(=O)NC(CCC(=O)O)C(=O)O
proscillaridin A,CIDs05284613,530.64968,CC1C(C(C(C(O1)OC2CCC3(C4CCC5(C(CCC5(C4CCC3=C2)O)C6=COC(=O)C=C6)C)C)O)O)O
cytisine,CIDs00010235,190.24166,C1C2CNCC1C3=CC=CC(=O)N3C2
cantharidin,CIDs00005944,196.19988,CC12C3CCC(C1(C(=O)OC2=O)C)O3
auranofin,CIDs06918453,678.483891,CCP(CC)CC.CC(=O)OCC1C(C(C(C(O1)[S-])OC(=O)C)OC(=O)C)OC(=O)C.[Au+]
thapsigargin,CIDs00446378,650.7536,CCCCCCCC(=O)OC1C2C(=C(C1OC(=O)C(=CC)C)C)C3C(C(CC2(C)OC(=O)C)OC(=O)CCC)(C(C(=O)O3)(C)O)O
paeonol,CIDs00011092,166.1739,CC(=O)C1=C(C=C(C=C1)OC)O
GSK-J4,CIDs71729974,453.96442,CCOC(=O)CCNC1=NC(=NC(=C1)N2CCC3=CC=CC=C3CC2)C4=CC=CC=N4.Cl
rubescensin,CIDs05321010,364.43272,CC1(CCC(C23C1C(C(C45C2CCC(C4O)C(=C)C5=O)(OC3)O)O)O)C
BMS-754807,CIDs24785538,461.494763,CC1(CCCN1C2=NN3C=CC=C3C(=N2)NC4=NNC(=C4)C5CC5)C(=O)NC6=CN=C(C=C6)F
dinaciclib,CIDs46926350,396.48602,CCC1=C2N=C(C=C(N2N=C1)NCC3=C[N+](=CC=C3)[O-])N4CCCCC4CCO
PF-04691502,CIDs25033539,425.48088,CC1=C2C=C(C(=O)N(C2=NC(=N1)N)C3CCC(CC3)OCCO)C4=CN=C(C=C4)OC
niclosamide,CIDs00004477,327.11962,C1=CC(=C(C=C1[N+](=O)[O-])Cl)NC(=O)C2=C(C=CC(=C2)Cl)O
olmesartan,CIDs00158781,446.50164,CCCC1=NC(=C(N1CC2=CC=C(C=C2)C3=CC=CC=C3C4=NNN=N4)C(=O)O)C(C)(C)O
enalapril,CIDs05388961,492.51888,CCOC(=O)C(CCC1=CC=CC=C1)NC(C)C(=O)N2CCCC2C(=O)O.C(=CC(=O)O)C(=O)O
perindopril,CIDs00107807,368.46778,CCCC(C(=O)OCC)NC(C)C(=O)N1C2CCCCC2CC1C(=O)O
ramipril,CIDs05362129,416.51058,CCOC(=O)C(CCC1=CC=CC=C1)NC(C)C(=O)N2C3CCCC3CC2C(=O)O
venetoclax,CIDs49846579,868.4392,CC1(CCC(=C(C1)C2=CC=C(C=C2)Cl)CN3CCN(CC3)C4=CC(=C(C=C4)C(=O)NS(=O)(=O)C5=CC(=C(C=C5)NCC6CCOCC6)[N+](=O)[O-])OC7=CN=C8C(=C7)C=CN8)C
RITA (NSC652287,CIDs00374536,292.37328,C1=C(SC(=C1)C2=CC=C(O2)C3=CC=C(S3)CO)CO
X5890,CIDs59437537,364.32511,CC(C)NC1=CC(=CC2=NC(=NN12)NC(=O)C3=CN=CC=C3)C(F)(F)F
Akt-l-1,CIDs10271028,378.5138,CC(C)(CNC1=NN2C(=NN=C2C3=CC=CC=C3)C=C1C4CCC4)CN(C)C
GDC-0068,CIDs24788740,457.99618,CC1CC(C2=C1C(=NC=N2)N3CCN(CC3)C(=O)C(CNC(C)C)C4=CC=C(C=C4)Cl)O
triciribine,CIDs00065399,320.30394,CN1C2=NC=NC3=C2C(=CN3C4C(C(C(O4)CO)O)O)C(=N1)N
Englerin A,CIDs46242512,442.54456,CC1CCC2C1C(C3(CC(C2(O3)C)OC(=O)CO)C(C)C)OC(=O)C=CC4=CC=CC=C4
Go 6983,CIDs00003499,442.50964,CN(C)CCCN1C=C(C2=C1C=CC(=C2)OC)C3=C(C(=O)NC3=O)C4=CNC5=CC=CC=C54
ASP3026,CIDs25134326,580.7447,CC(C)S(=O)(=O)C1=CC=CC=C1NC2=NC=NC(=N2)NC3=C(C=C(C=C3)N4CCC(CC4)N5CCN(CC5)C)OC
ceritinib,CIDs57379345,558.13514,CC1=CC(=C(C=C1C2CCNCC2)OC(C)C)NC3=NC=C(C(=N3)NC4=CC=CC=C4S(=O)(=O)C(C)C)Cl
Nu6027,CIDs00398148,251.28498,C1CCC(CC1)COC2=NC(=NC(=C2N=O)N)N
VE-821,CIDs51000408,368.40964,CS(=O)(=O)C1=CC=C(C=C1)C2=CN=C(C(=N2)C(=O)NC3=CC=CC=C3)N
MK-5108,CIDs24748204,461.936843,C1CC(CCC1OC2=C(C(=CC=C2)Cl)F)(CC3=NC(=CC=C3)NC4=NC=CS4)C(=O)O
CCT129202,CIDs16202152,497.0156,CN(C)C1=CC=C(C=C1)C2=NC3=NC=C(C(=C3N2)N4CCN(CC4)CC(=O)NC5=NC=CS5)Cl
AT-9283,CIDs11496628,477.53728,CS(=O)(=O)O.C1CC1NC(=O)NC2=CNNC2=C3N=C4C=CC(=CC4=N3)CN5CCOCC5
PHA-680632,CIDs11249084,501.6232,CCC1=C(C(=CC=C1)CC)NC(=O)N2CC3=C(C2)NN=C3NC(=O)C4=CC=C(C=C4)N5CCN(CC5)C
CCT137690,CIDs25154041,551.48134,CC1=CC(=NO1)CN2CCN(CC2)C3=C4C(=NC=C3Br)N=C(N4)C5=CC=C(C=C5)N6CCN(CC6)C
n-ethyl-p-menthane-3-carboxamide,CIDs00062907,211.3437,CCNC(=O)C1CC(CCC1C(C)C)C
LFM-A13,CIDs54676905,360.00142,CC(=C(C#N)C(=O)NC1=C(C=CC(=C1)Br)Br)O
CGI-1746,CIDs24857323,579.68868,CC1=C(C=CC=C1NC(=O)C2=CC=C(C=C2)C(C)(C)C)C3=CN(C(=O)C(=N3)NC4=CC=C(C=C4)C(=O)N5CCOCC5)C
QL-47,CIDs71748056,447.48794,CN1C=C(C=N1)C2=CC3=C4C(=CN=C3C=C2)C=CC(=O)N4C5=CC6=C(CCN6C(=O)C=C)C=C5
trifluoperazine,CIDs00005566,407.49557,CN1CCN(CC1)CCCN2C3=CC=CC=C3SC4=C2C=C(C=C4)C(F)(F)F
milciclib,CIDs16718576,460.57458,CC1(CC2=CN=C(N=C2C3=C1C(=NN3C)C(=O)NC)NC4=CC=C(C=C4)N5CCN(CC5)C)C
7-hydroxystaurosporine,CIDs00072271,482.53044,CC12C(C(CC(O1)N3C4=CC=CC=C4C5=C6C(=C7C8=CC=CC=C8N2C7=C53)C(NC6=O)O)NC)OC
CGP82996,CIDs24825971,456.58258,CCNC1=NC(=NC(=C1)NC2CCC(CC2)O)NC3=CC4=C(C=C3)N(C=C4)CC5=CC=CC=C5
menadione,CIDs00004055,172.18002,CC1=CC(=O)C2=CC=CC=C2C1=O
Y0217,CIDs46239015,376.25432,CN1C=C(C=N1)C2=C3N=C(C(=C(N3N=C2)N)Br)C4CCCNC4
Y0217,CIDs46239015,376.25432,CN1C=C(C=N1)C2=C3N=C(C(=C(N3N=C2)N)Br)C4CCCNC4
ML315,CIDs46926514,374.22072,C1OC2=C(O1)C=C(C=C2)C3=CN=CN=C3NCC4=CC(=CC(=C4)Cl)Cl
KH-CB19,CIDs44237094,338.18862,CCOC(=O)C1=C(C2=C(N1C)C(=C(C=C2)Cl)Cl)C(=CN)C#N
NCGC00346963-01,CIDs73265276,511.44458,CCN(CC)CCCCNC1=NC=C2CN(C(=O)N(C2=N1)C)C3=C(C(=CC(=C3Cl)OC)OC)Cl
c-Fms inhibitor,CIDs11654378,406.5239,CC1CCN(CC1)C2=C(C=CC(=C2)N3CCN(CC3)C)NC(=O)C4=CC(=CN4)C#N
Stemolecule SC 1,CIDs12003241,550.53501,CC1=C(C=C(C=C1)NC(=O)C2=CC(=CC=C2)C(F)(F)F)N3CC4=CN=C(N=C4N(C3=O)C)NC5=CC(=NN5C)C
AGN-PC-0JGTXW,CIDs71550931,546.58607,CCC1=C(C=C(C=C1)C(=O)NC2=CC(=CC(=C2)C(F)(F)F)CN3CCN(CC3)C)C#CC4=CN5C(=CC=N5)N=C4
BMS-599626,CIDs10437018,530.553483,CC1=C2C(=NC=NN2C=C1NC(=O)OCC3COCCN3)NC4=CC5=C(C=C4)N(N=C5)CC6=CC(=CC=C6)F
WZ-3146,CIDs44607360,464.9473,CN1CCN(CC1)C2=CC=C(C=C2)NC3=NC=C(C(=N3)OC4=CC=CC(=C4)NC(=O)C=C)Cl
WZ8040,CIDs44607531,481.0129,CN1CCN(CC1)C2=CC=C(C=C2)NC3=NC=C(C(=N3)SC4=CC=CC(=C4)NC(=O)C=C)Cl
ARRY-380,CIDs42598643,569.63418,CC1=C(C=CC(=C1)NC2=NC=NC3=C2C=C(C=C3)C4=CC=C(O4)CNCCS(=O)(=O)C)OC5=CC6=NC=NN6C=C5
MK-2461,CIDs44137945,553.563189,CN1C=C(C=N1)C2=CN=C3C=CC4=C(C=C(C=C4)[N-]S(=O)(=O)N(C)CC5COCCO5)C(=O)C3=C2.O.O.[Na+]
Su5402,CIDs05289418,296.32054,CC1=CNC(=C1CCC(=O)O)C=C2C3=CC=CC=C3NC2=O
AZD-4547,CIDs51039095,463.57192,CC1CN(CC(N1)C)C2=CC=C(C=C2)C(=O)NC3=NNC(=C3)CCC4=CC(=CC(=C4)OC)OC
LY2874455,CIDs46944259,444.31386,CC(C1=C(C=NC=C1Cl)Cl)OC2=CC3=C(C=C2)NN=C3C=CC4=CN(N=C4)CCO
NVP-BGJ398,CIDs53235510,560.47544,CCN1CCN(CC1)C2=CC=C(C=C2)NC3=CC(=NC=N3)N(C)C(=O)NC4=C(C(=CC(=C4Cl)OC)OC)Cl
HMS2043J09,CIDs42628535,535.68094,CC(C)N1C(=O)CCN(C2=NC(=NC=C21)NC3=C(C=C(C=C3)C(=O)NC4CCN(CC4)C)OC)C5CCCC5
NVP-TAE226,CIDs09934347,468.936,CNC(=O)C1=CC=CC=C1NC2=NC(=NC=C2Cl)NC3=C(C=C(C=C3)N4CCOCC4)OC
EMD-1214063,CIDs25171647,529.03256,CN1CCC(CC1)COC2=CN=C(N=C2)C3=CC(=CC=C3)CN4C(=O)C=CC(=N4)C5=CC=CC(=C5)C#N.Cl
AMG-208,CIDs24864821,383.40268,COC1=CC2=NC=CC(=C2C=C1)OCC3=NN=C4N3N=C(C=C4)C5=CC=CC=C5
AMG-458,CIDs24764449,539.58176,CC1=C(C(=O)N(N1CC(C)(C)O)C2=CC=CC=C2)C(=O)NC3=NC=C(C=C3)OC4=C5C=CC(=CC5=NC=C4)OC
tivantinib,CIDs11494412,369.41586,C1CC2=CC=CC3=C2N(C1)C=C3C4C(C(=O)NC4=O)C5=CNC6=CC=CC=C65
INCB28060,CIDs25145656,412.419083,CNC(=O)C1=C(C=C(C=C1)C2=NN3C(=CN=C3N=C2)CC4=CC5=C(C=C4)N=CC=C5)F
picropodophyllin,CIDs00072435,414.40528,COC1=CC(=CC(=C1OC)OC)C2C3C(COC3=O)C(C4=CC5=C(C=C24)OCO5)O
Chs 828,CIDs00148198,371.86388,C1=CC(=CC=C1OCCCCCCN=C(NC#N)NC2=CC=NC=C2)Cl
ITK inhibitor,CIDs20635522,609.80246,CC1=C(C=C(C(=C1)OC)C(=O)N2CCN(CC2)C(=O)C)SC3=CN=C(S3)NC(=O)C4=CC=C(C=C4)CNC(C)C(C)C
gandotinib,CIDs46213929,469.942303,CC1=CC(=NN1)NC2=NN3C(=C(N=C3C(=C2)CN4CCOCC4)C)CC5=C(C=C(C=C5)Cl)F
BMS-911543,CIDs50922691,432.52142,CCN1C(=CC2=C3C(=C(N=C21)NC4=NN(C(=C4)C)C)N=CN3C)C(=O)N(C5CC5)C6CC6
CEP-33779,CIDs57336812,462.56724,CN1CCN(CC1)C2=CC(=CC=C2)NC3=NN4C=CC=C(C4=N3)C5=CC=C(C=C5)S(=O)(=O)C
H-NMR,CIDs00064945,456.70032,CC1CCC2(CCC3(C(=CCC4C3(CCC5C4(CCC(C5(C)C)O)C)C)C2C1C)C)C(=O)O
cryptotanshinone,CIDs00160254,296.3603,CC1COC2=C1C(=O)C(=O)C3=C2C=CC4=C3CCCC4(C)C
CHEMBL1829876,CIDs53388144,626.591496,CN(CC(=O)N(CC1=CC=C(C=C1)C2CCCCC2)C3=CC(=C(C=C3)C(=O)O)O)S(=O)(=O)C4=C(C(=C(C(=C4F)F)F)F)F
WH-4-023,CIDs11844351,568.66604,CC1=C(C(=CC=C1)C)OC(=O)N(C2=C(C=C(C=C2)OC)OC)C3=NC(=NC=C3)NC4=CC=C(C=C4)N5CCN(CC5)C
RS0050,CIDs73265272,429.271186,C1CC1C(=O)NC2=NC=C(S2)C3=CC(=NN3C4=C(C=CC=C4Cl)Cl)C(F)F
Su 6656,CIDs05312137,371.45334,CN(C)S(=O)(=O)C1=CC2=C(C=C1)NC(=O)C2=CC3=CC4=C(N3)CCCC4
MEK1/2 inhibitor,CIDs09549284,335.34679,C1=CC=C(C(=C1)C(=C(N)SC2=CC=C(C=C2)N)C#N)C(F)(F)F
hypothemycin,CIDs09929643,378.37318,CC1CC=CC(=O)C(C(CC2C(O2)C3=CC(=CC(=C3C(=O)O1)O)OC)O)O
binimetinib,CIDs10288191,441.226806,CN1C=NC2=C1C=C(C(=C2F)NC3=C(C=C(C=C3)Br)F)C(=O)NOCCO
pimasertib,CIDs44187362,431.200773,C1=CC(=C(C=C1I)F)NC2=C(C=CN=C2)C(=O)NCC(CO)O
PD318088,CIDs10231331,561.0891,C1=CC(=C(C=C1I)F)NC2=C(C(=C(C=C2C(=O)NOCC(CO)O)Br)F)F
Ci-1040,CIDs06918454,478.659536,C1CC1CONC(=O)C2=C(C(=C(C=C2)F)F)NC3=C(C=C(C=C3)I)Cl
cobimetinib,CIDs16222096,531.31002,C1CCNC(C1)C2(CN(C2)C(=O)C3=C(C(=C(C=C3)F)F)NC4=C(C=C(C=C4)I)F)O
ARRY 704,CIDs16666708,461.226753,CC1=CC(=C(N(C1=O)C)NC2=C(C=C(C=C2)I)F)C(=O)NOCCO
2'-amino-3'-methoxyflavone,CIDs00004713,267.27932,COC1=CC=CC(=C1N)C2=CC(=O)C3=CC=CC=C3O2
ERK inhibitor II,CIDs11493598,327.34272,C1=CC=C(C=C1)C2=NN3C=CC=CC3=C2C4=CC5=C(NN=C5N=N4)N
SCH772984,CIDs24866313,587.67422,C1CN(CC1C(=O)NC2=CC3=C(C=C2)NN=C3C4=CC=NC=C4)CC(=O)N5CCN(CC5)C6=CC=C(C=C6)C7=NC=CC=N7
temsirolimus,CIDs06918289,1030.28708,CC1CCC2CC(C(=CC=CC=CC(CC(C(=O)C(C(C(=CC(C(=O)CC(OC(=O)C3CCCCN3C(=O)C(=O)C1(O2)O)C(C)CC4CCC(C(C4)OC)OC(=O)C(C)(CO)CO)C)C)O)OC)C)C)C)OC
ridaforolimus,CIDs11520894,990.206122,CC1CCC2CC(C(=CC=CC=CC(CC(C(=O)C(C(C(=CC(C(=O)CC(OC(=O)C3CCCCN3C(=O)C(=O)C1(O2)O)C(C)CC4CCC(C(C4)OC)OP(=O)(C)C)C)C)O)OC)C)C)C)OC
INK-128,CIDs45375953,309.3259,CC(C)N1C2=C(C(=N1)C3=CC4=C(C=C3)OC(=N4)N)C(=NC=N2)N
turmeric oil,CIDs00969516,368.3799,COC1=C(C=CC(=C1)C=CC(=O)CC(=O)C=CC2=CC(=C(C=C2)O)OC)O
erythromycin,CIDs00012560,733.92678,CCC1C(C(C(C(=O)C(CC(C(C(C(C(C(=O)O1)C)OC2CC(C(C(O2)C)O)(C)OC)C)OC3C(C(CC(O3)C)N(C)C)O)(C)O)C)C)O)(C)O
N-acetylcysteine,CIDs00012035,163.19486,CC(=O)NC(CS)C(=O)O
IPA-3,CIDs00521106,350.45396,C1=CC=C2C(=C1)C=CC(=C2SSC3=C(C=CC4=CC=CC=C43)O)O
PF-3758309,CIDs25227462,490.6237,CC1=NC2=C(C(=N1)NC3=NNC4=C3CN(C4(C)C)C(=O)NC(CN(C)C)C5=CC=CC=C5)SC=C2
SD-06,CIDs09865587,397.8581,C1CN(CCC1C2=C(C(=NN2)C3=CC=C(C=C3)Cl)C4=NC=NC=C4)C(=O)CO
crenolanib,CIDs10366136,443.54076,CC1(COC1)COC2=CC3=C(C=C2)N(C=N3)C4=NC5=C(C=CC=C5N6CCC(CC6)N)C=C4
pp121,CIDs24905142,319.36378,C1CCC(C1)N2C3=C(C(=N2)C4=CN=C5C(=C4)C=CN5)C(=NC=N3)N
ZSTK474,CIDs11647372,417.412546,C1COCCN1C2=NC(=NC(=N2)N3C4=CC=CC=C4N=C3C(F)F)N5CCOCC5
NVP-BGT226,CIDs11978790,534.53231,CN1C2=CN=C3C=CC(=CC3=C2N(C1=O)C4=CC(=C(C=C4)N5CCNCC5)C(F)(F)F)C6=CN=C(C=C6)OC
CUDC-907,CIDs54575456,508.55286,CN(CC1=CC2=C(S1)C(=NC(=N2)C3=CN=C(C=C3)OC)N4CCOCC4)C5=NC=C(C=N5)C(=O)NO
CX-6258,CIDs44545852,461.94006,CN1CCCN(CC1)C(=O)C2=CC=CC(=C2)C3=CC=C(O3)C=C4C5=C(C=CC(=C5)Cl)NC4=O
dabrafenib,CIDs44462760,519.56241,CC(C)(C)C1=NC(=C(S1)C2=NC(=NC=C2)N)C3=C(C(=CC=C3)NS(=O)(=O)C4=C(C=CC=C4F)F)F
CHIR-265,CIDs11656518,518.413859,CN1C2=C(C=C(C=C2)OC3=CC(=NC=C3)C4=NC=C(N4)C(F)(F)F)N=C1NC5=CC=C(C=C5)C(F)(F)F
glycyl-H 1152,CIDs11976582,376.47316,CC1CN(CCCN1S(=O)(=O)C2=CC=CC3=CN=CC(=C32)C)C(=O)CN
Thiazovivin,CIDs46209426,311.36162,C1=CC=C(C=C1)CNC(=O)C2=CSC(=N2)NC3=NC=NC=C3
KX2-391,CIDs23635314,431.52676,C1COCCN1CCOC2=CC=C(C=C2)C3=CN=C(C=C3)CC(=O)NCC4=CC=CC=C4
GW788388,CIDs10202642,425.48242,C1COCCC1NC(=O)C2=CC=C(C=C2)C3=NC=CC(=C3)C4=C(NN=C4)C5=CC=CC=N5
sunitinib malate,CIDs06456015,532.561223,CCN(CC)CCNC(=O)C1=C(NC(=C1C)C=C2C3=C(C=CC(=C3)F)NC2=O)C.C(C(C(=O)O)O)C(=O)O
apatinib,CIDs11315474,397.47232,C1CCC(C1)(C#N)C2=CC=C(C=C2)NC(=O)C3=C(N=CC=C3)NCC4=CC=NC=C4
KRN-633,CIDs09549295,416.85814,CCCNC(=O)NC1=C(C=C(C=C1)OC2=NC=NC3=CC(=C(C=C32)OC)OC)Cl
M 344,CIDs00003994,307.388,CN(C)C1=CC=C(C=C1)C(=O)NCCCCCCC(=O)NO
pyroxamide,CIDs00004996,265.30826,C1=CC(=CN=C1)NC(=O)CCCCCCC(=O)NO
UNC1215,CIDs57339144,529.71612,C1CCN(C1)C2CCN(CC2)C(=O)C3=CC(=C(C=C3)C(=O)N4CCC(CC4)N5CCCC5)NC6=CC=CC=C6
CHEMBL3108901,CIDs76324808,295.37554,CC(C1=CC2=C(C=C1)OCCO2)NC3CC3C4=CC=CC=C4
DZNep,CIDs00073087,262.26456,C1=CN=C(C2=C1N(C=N2)C3C=C(C(C3O)O)CO)N
niraparib,CIDs24958200,320.3883,C1CC(CNC1)C2=CC=C(C=C2)N3C=C4C=CC=C(C4=N3)C(=O)N
YK-4-279,CIDs44632017,366.19542,COC1=CC=C(C=C1)C(=O)CC2(C3=C(C=CC(=C3NC2=O)Cl)Cl)O
hydroxyurea,CIDs00003657,76.05466,C(=O)(N)NO
2-fluoroadenosine,CIDs00008975,285.231783,C1=NC2=C(N1C3C(C(C(O3)CO)O)O)N=C(N=C2N)F
FUdR,CIDs00005790,246.192443,C1C(C(OC1N2C=C(C(=O)NC2=O)F)CO)O
FdCyd,CIDs00515328,245.207683,C1C(C(OC1N2C=C(C(=NC2=O)N)F)CO)O
telbivudine,CIDs00159269,242.22856,CC1=CN(C(=O)NC1=O)C2CC(C(O2)CO)O
chlorambucil,CIDs00002708,304.21216,C1=CC(=CC=C1CCCC(=O)O)N(CCCl)CCCl
melphalan,CIDs00460612,305.20022,C1=CC(=CC=C1CC(C(=O)O)N)N(CCCl)CCCl
Cp-4-mp,CIDs00083895,391.16164,CC1=CC=NC=C1.[NH2-].[NH2-].[Cl-].Cl[Pt+]
diiminoplatinum;glycolic acid,CIDs46738098,301.16464,C(C(=O)O)O.N=[Pt]=N
camptothecin,CIDs00024360,348.35204,CCC1(C2=C(COC1=O)C(=O)N3CC4=CC5=CC=CC=C5N=C4C3=C2)O
7-ethyl-10-hydroxycamptothecin,CIDs00104842,392.4046,CCC1=C2C=C(C=CC2=NC3=C1CN4C3=CC5=C(C4=O)COC(=O)C5(CC)O)O
amonafide,CIDs00050515,283.32508,CN(C)CCN1C(=O)C2=CC=CC3=CC(=CC(=C32)C1=O)N
norfloxacin,CIDs00004539,319.330823,CCN1C=C(C(=O)C2=CC(=C(C=C21)N3CCNCC3)F)C(=O)O
epothilones,CIDs00448799,493.65596,CC1CCCC2C(O2)CC(OC(=O)CC(C(C(=O)C(C1O)C)(C)C)O)C(=CC3=CSC(=N3)C)C
CYT997,CIDs11351021,434.534,CCCC(C1=CN=CC=C1)NC2=NC(=NC=C2C)C3=CC(=C(C=C3)NC(=O)NCC)OC
colchicine,CIDs00006167,399.437,CC(=O)NC1CCC2=CC(=C(C(=C2C3=CC=C(C(=O)C=C13)OC)OC)OC)OC
vinblastine sulfate,CIDs00241902,909.0526,CCC1(CC2CC(C3=C(CCN(C2)C1)C4=CC=CC=C4N3)(C5=C(C=C6C(=C5)C78CCN9C7C(C=CC9)(C(C(C8N6C)(C(=O)OC)O)OC(=O)C)CC)OC)C(=O)OC)O.OS(=O)(=O)O
GSK923295A,CIDs46898058,592.12822,CC(C)OC1=C(C=C(C=C1)C(=O)NC(CC2=CC=C(C=C2)C3=CN4C=CC=C(C4=N3)C(C)O)CNC(=O)CN(C)C)Cl
SNX-5422,CIDs44195570,617.63767,CC1(CC2=C(C(=O)C1)C(=NN2C3=CC(=C(C=C3)C(=O)N)NC4CCC(CC4)OC(=O)CN)C(F)(F)F)C.CS(=O)(=O)O
pepstatin,CIDs05478883,685.89212,CC(C)CC(C(CC(=O)O)O)NC(=O)C(C)NC(=O)CC(C(CC(C)C)NC(=O)C(C(C)C)NC(=O)C(C(C)C)NC(=O)CC(C)C)O
tariquidar,CIDs00148201,646.73152,COC1=C(C=C2CN(CCC2=C1)CCC3=CC=C(C=C3)NC(=O)C4=CC(=C(C=C4NC(=O)C5=CC6=CC=CC=C6N=C5)OC)OC)OC
N-methyl-2-pyrrolidone,CIDs00013387,99.13106,CN1CCCC1=O
bleomycin sulfate,CIDs00072466,1512.6223,CC1=C(N=C(N=C1N)C(CC(=O)N)NCC(C(=O)N)N)C(=O)NC(C(C2=CN=CN2)OC3C(C(C(C(O3)CO)O)O)OC4C(C(C(C(O4)CO)O)OC(=O)N)O)C(=O)NC(C)C(C(C)C(=O)NC(C(C)O)C(=O)NCCC5=NC(=CS5)C6=NC(=CS6)C(=O)NCCC[S+](C)C)O.OS(=O)(=O)[O-]
tigecycline,CIDs54686904,585.64866,CC(C)(C)NCC(=O)NC1=C(C2=C(CC3CC4C(C(=O)C(=C(C4(C(=O)C3=C2O)O)O)C(=O)N)N(C)C)C(=C1)N(C)C)O
terameprocol,CIDs00476861,358.4712,CC(CC1=CC(=C(C=C1)OC)OC)C(C)CC2=CC(=C(C=C2)OC)OC
levomycin,CIDs00003197,1101.25706,CC1C(=O)N(C2CSC(C(C(=O)N(C(C(=O)OCC(C(=O)N1)NC(=O)C3=NC4=CC=CC=C4N=C3)C(C)C)C)N(C(=O)C(NC(=O)C(COC(=O)C(N(C2=O)C)C(C)C)NC(=O)C5=NC6=CC=CC=C6N=C5)C)C)SC)C
leptomycin B,CIDs06917907,540.73062,CCC(=CC(C)CC=CC(=CC(C)C(=O)C(C)C(C(C)CC(=CC(=O)O)C)O)C)C=CC1C(C=CC(=O)O1)C
vicriviroc,CIDs03009355,533.62883,CC1CN(CCN1C(COC)C2=CC=C(C=C2)C(F)(F)F)C3(CCN(CC3)C(=O)C4=C(N=CN=C4C)C)C
CB08282,CIDs02888648,398.47538,CS(=O)(=O)N(CC1=CC=CO1)CC(CN2C3=CC=CC=C3C4=CC=CC=C42)O
bepridil,CIDs00002351,366.53956,CC(C)COCC(CN(CC1=CC=CC=C1)C2=CC=CC=C2)N3CCCC3
ranolazine,CIDs00056959,427.53652,CC1=C(C(=CC=C1)C)NC(=O)CN2CCN(CC2)CC(COC3=CC=CC=C3OC)O
purmorphamine,CIDs05284329,520.62478,C1CCC(CC1)N2C=NC3=C2N=C(N=C3NC4=CC=C(C=C4)N5CCOCC5)OC6=CC=CC7=CC=CC=C76
stauprimide,CIDs46245328,584.62062,CC12C(C(CC(O1)N3C4=CC=CC=C4C5=C6C(=C7C8=CC=CC=C8N2C7=C53)C(=O)NC6=O)N(C)C(=O)C9=CC=CC=C9)OC
indolactam V,CIDs00105000,301.38342,CC(C)C1C(=O)NC(CC2=CNC3=C2C(=CC=C3)N1C)CO
avagacestat,CIDs46883536,520.884993,C1=CC(=CC=C1S(=O)(=O)N(CC2=C(C=C(C=C2)C3=NOC=N3)F)C(CCC(F)(F)F)C(=O)N)Cl
LY2886721,CIDs49837968,390.407046,C1C2CSC(=NC2(CO1)C3=C(C=CC(=C3)NC(=O)C4=NC=C(C=C4)F)F)N
3-BrPA,CIDs00070684,166.95812,C(C(=O)C(=O)O)Br
aspirin,CIDs00002244,180.15742,CC(=O)OC1=CC=CC=C1C(=O)O
mycophenolate mofetil,CIDs05281078,433.49474,CC1=C(C(=C(C2=C1COC2=O)O)CC=C(C)CCC(=O)OCCN3CCOCC3)OC
"L-690,330",CIDs00132449,298.123604,CC(OC1=CC=C(C=C1)O)(P(=O)(O)O)P(=O)(O)O
zafirlukast,CIDs00005717,575.67522,CC1=CC=CC=C1S(=O)(=O)NC(=O)C2=CC(=C(C=C2)CC3=CN(C4=C3C=C(C=C4)NC(=O)OC5CCCC5)C)OC
AGN-PC-0H1R1W,CIDs66613669,460.42901,C1=CC(=CC(=C1)S(=O)(=O)C2=CC=C(C=C2)CNC(=O)C3=CN=C4C(=C3)C=NN4)C(F)(F)F
levetiracetam,CIDs05284583,170.20896,CCC(C(=O)N)N1CCCC1=O
1-methylpropyl 2-imidazolyl disulfide,CIDs00219104,188.31358,CCC(C)SSC1=NC=CN1
D-penicillamine,CIDs00005852,149.21134,CC(C)(C(C(=O)O)N)S
ML240,CIDs49830258,396.4445,COC1=CC=CC2=C1N=C(N=C2NCC3=CC=CC=C3)N4C5=CC=CC=C5N=C4N
febuxostat,CIDs00134018,316.37484,CC1=C(SC(=N1)C2=CC(=C(C=C2)OCC(C)C)C#N)C(=O)O
PRIMA-1MET,CIDs52918385,199.24688,COCC1(C(=O)C2CCN1CC2)CO
NSC319726,CIDs05351307,234.32066,CC(=NNC(=S)N1CCC1)C2=CC=CC=N2
sertraline,CIDs00063009,342.69052,CNC1CCC(C2=CC=CC=C12)C3=CC(=C(C=C3)Cl)Cl.Cl
cyproterone acetate,CIDs00009880,416.93766,CC(=O)C1(CCC2C1(CCC3C2C=C(C4=CC(=O)C5CC5C34C)Cl)C)OC(=O)C
ARN-509,CIDs24872560,477.434713,CNC(=O)C1=C(C=C(C=C1)N2C(=S)N(C(=O)C23CCC3)C4=CN=C(C(=C4)C(F)(F)F)C#N)F
toremifene,CIDs03005572,598.08314,CN(C)CCOC1=CC=C(C=C1)C(=C(CCCl)C2=CC=CC=C2)C3=CC=CC=C3.C(C(=O)O)C(CC(=O)O)(C(=O)O)O
lonafarnib,CIDs00148195,638.82164,C1CN(CCC1CC(=O)N2CCC(CC2)C3C4=C(C=C(C=C4CCC5=CC(=CN=C35)Br)Cl)Br)C(=O)N
sb-705498,CIDs09910486,429.23435,C1CN(CC1NC(=O)NC2=CC=CC=C2Br)C3=NC=C(C=C3)C(F)(F)F
istradefylline,CIDs05311037,384.42896,CCN1C2=C(C(=O)N(C1=O)CC)N(C(=N2)C=CC3=CC(=C(C=C3)OC)OC)C
CVT-6883,CIDs11270783,446.42565,CCCN1C(=O)C2=C(N=C(N2)C3=CN(N=C3)CC4=CC(=CC=C4)C(F)(F)F)N(C1=O)CC
reversine,CIDs00210332,393.48538,C1CCC(CC1)NC2=NC(=NC3=C2NC=N3)NC4=CC=C(C=C4)N5CCOCC5
adenosine,CIDs00060961,267.24132,C1=NC2=C(C(=N1)N)N=CN2C3C(C(C(O3)CO)O)O
aminophylline,CIDs00009433,420.42636,CN1C2=C(C(=O)N(C1=O)C)NC=N2.CN1C2=C(C(=O)N(C1=O)C)NC=N2.C(CN)N
cortisone acetate,CIDs00005745,402.4807,CC(=O)OCC(=O)C1(CCC2C1(CC(=O)C3C2CCC4=CC(=O)CCC34C)C)O
fluocinonide,CIDs00009642,494.524886,CC(=O)OCC(=O)C12C(CC3C1(CC(C4(C3CC(C5=CC(=O)C=CC54C)F)F)O)C)OC(O2)(C)C
methylprednisolone,CIDs00006741,374.4706,CC1CC2C3CCC(C3(CC(C2C4(C1=CC(=O)C=C4)C)O)C)(C(=O)CO)O
triamcinolone acetonide,CIDs00006436,434.497743,CC1(OC2CC3C4CCC5=CC(=O)C=CC5(C4(C(CC3(C2(O1)C(=O)CO)C)O)F)C)C
prednisone,CIDs00005865,358.42814,CC12CC(=O)C3C(C1CCC2(C(=O)CO)O)CCC4=CC(=O)C=CC34C
betamethasone dipropionate,CIDs00021800,504.587583,CCC(=O)OCC(=O)C1(C(CC2C1(CC(C3(C2CCC4=CC(=O)C=CC43C)F)O)C)C)OC(=O)CC
meprednisone,CIDs05284587,372.45472,CC1CC2C3CCC4=CC(=O)C=CC4(C3C(=O)CC2(C1(C(=O)CO)O)C)C
clobetasol propionate,CIDs00032798,466.969983,CCC(=O)OC1(C(CC2C1(CC(C3(C2CCC4=CC(=O)C=CC43C)F)O)C)C)C(=O)CCl
loteprednol etabonate,CIDs00444025,466.95174,CCOC(=O)OC1(CCC2C1(CC(C3C2CCC4=CC(=O)C=CC34C)O)C)C(=O)OCCl
fluticasone propionate,CIDs00444036,500.57085,CCC(=O)OC1(C(CC2C1(CC(C3(C2CC(C4=CC(=O)C=CC43C)F)F)O)C)C)C(=O)SCF
mometasone furoate,CIDs00441336,521.4295,CC1CC2C3CCC4=CC(=O)C=CC4(C3(C(CC2(C1(C(=O)CCl)OC(=O)C5=CC=CO5)C)O)Cl)C
deflazacort,CIDs00189821,441.51674,CC1=NC2(C(O1)CC3C2(CC(C4C3CCC5=CC(=O)C=CC45C)O)C)C(=O)COC(=O)C
desonide,CIDs05311066,416.50728,CC1(OC2CC3C4CCC5=CC(=O)C=CC5(C4C(CC3(C2(O1)C(=O)CO)C)O)C)C
pregnenolone,CIDs00008955,316.47758,CC(=O)C1CCC2C1(CCC3C2CC=C4C3(CCC(C4)O)C)C
UDCA,CIDs00031401,392.572,CC(CCC(=O)O)C1CCC2C1(CCC3C2C(CC4C3(CCC(C4)O)C)O)C
dutasteride,CIDs06918296,528.529719,CC12CCC3C(C1CCC2C(=O)NC4=C(C=CC(=C4)C(F)(F)F)C(F)(F)F)CCC5C3(C=CC(=O)N5)C
estrone,CIDs00005870,270.36608,CC12CCC3C(C1CCC2=O)CCC4=C3C=CC(=C4)O
DHEA,CIDs00005881,288.42442,CC12CCC3C(C1CCC2=O)CC=C4C3(CCC(C4)O)C
stigmasterol,CIDs05280794,412.69082,CCC(C=CC(C)C1CCC2C1(CCC3C2CC=C4C3(CCC(C4)O)C)C)C(C)C
NTPP,CIDs00229455,406.55706,CC12CCC3C(C1CCC2OC(=O)CCC4=CC=CC=C4)CCC5=CC(=O)CCC35
ergosterol,CIDs00444679,396.64836,CC(C)C(C)C=CC(C)C1CCC2C1(CCC3C2=CC=C4C3(CCC(C4)O)C)C
oxandrolone,CIDs00005878,306.4397,CC12CCC3C(C1CCC2(C)O)CCC4C3(COC(=O)C4)C
stanozolol,CIDs00025249,328.49158,CC12CCC3C(C1CCC2(C)O)CCC4C3(CC5=C(C4)NN=C5)C
diosgenin,CIDs00099474,414.62058,CC1CCC2(C(C3C(O2)CC4C3(CCC5C4CC=C6C5(CCC(C6)O)C)C)C)OC1
bimatoprost,CIDs05311027,415.56558,CCNC(=O)CCCC=CCC1C(CC(C1C=CC(CCC2=CC=CC=C2)O)O)O
glycyrrhetinic acid,CIDs00010114,470.68384,CC1(C2CCC3(C(C2(CCC1O)C)C(=O)C=C4C3(CCC5(C4CC(CC5)(C)C(=O)O)C)C)C)C
tobramycin,CIDs00036294,467.51448,C1C(C(C(C(C1N)OC2C(C(C(C(O2)CO)O)N)O)O)OC3C(CC(C(O3)CN)O)N)N
kanamycin,CIDs00006032,484.49864,C1C(C(C(C(C1N)OC2C(C(C(C(O2)CN)O)O)O)O)OC3C(C(C(C(O3)CO)O)N)O)N
azithromycin,CIDs00447043,748.98448,CCC1C(C(C(N(CC(CC(C(C(C(C(C(=O)O1)C)OC2CC(C(C(O2)C)O)(C)OC)C)OC3C(C(CC(O3)C)N(C)C)O)(C)O)C)C)C)O)(C)O
linezolid,CIDs00441401,337.346103,CC(=O)NCC1CN(C(=O)O1)C2=CC(=C(C=C2)N3CCOCC3)F
nordihydroguaiaretic acid,CIDs00071398,302.36488,CC(CC1=CC(=C(C=C1)O)O)C(C)CC2=CC(=C(C=C2)O)O
PF-8380,CIDs25265312,478.32524,C1CN(CCN1CCC(=O)C2=CC3=C(C=C2)NC(=O)O3)C(=O)OCC4=CC(=CC(=C4)Cl)Cl
pimobendan,CIDs00004823,334.37182,CC1CC(=O)NN=C1C2=CC3=C(C=C2)N=C(N3)C4=CC=C(C=C4)OC
parogrelil hydrochloride,CIDs09803788,449.72882,C1=CC(=CN=C1)CNC2=C(C(=O)NN=C2OCCCC3=CC=C(C=C3)Cl)Br
rolipram,CIDs00005092,275.34284,COC1=C(C=C(C=C1)C2CC(=O)NC2)OC3CCCC3
D-159687,CIDs57703712,366.84076,COC1=C(C=C(C=C1)CC2=CC=C(C=C2)NC(=O)N)C3=CC(=CC=C3)Cl
dipyridamole,CIDs00003108,504.6256,C1CCN(CC1)C2=NC(=NC3=C2N=C(N=C3N4CCCCC4)N(CCO)CCO)N(CCO)CCO
tadalafil,CIDs00110635,389.40396,CN1CC(=O)N2C(C1=O)CC3=C(C2C4=CC5=C(C=C4)OCO5)NC6=CC=CC=C36
icariin,CIDs05318997,676.6617,CC1C(C(C(C(O1)OC2=C(OC3=C(C2=O)C(=CC(=C3CC=C(C)C)OC4C(C(C(C(O4)CO)O)O)O)O)C5=CC=C(C=C5)OC)O)O)O
theobromine,CIDs00005429,180.16402,CN1C=NC2=C1C(=O)NC(=O)N2C
evodiamine,CIDs00442088,303.35778,CN1C2C3=C(CCN2C(=O)C4=CC=CC=C41)C5=CC=CC=C5N3
shikonin,CIDs00479503,288.29524,CC(=CCC(C1=CC(=O)C2=C(C=CC(=C2C1=O)O)O)O)C
lumacaftor,CIDs16678941,452.406926,CC1=C(N=C(C=C1)NC(=O)C2(CC2)C3=CC4=C(C=C3)OC(O4)(F)F)C5=CC(=CC=C5)C(=O)O
ataluren,CIDs11219835,284.241963,C1=CC=C(C(=C1)C2=NC(=NO2)C3=CC(=CC=C3)C(=O)O)F
CI 988,CIDs00108187,614.73118,CC(CC1=CNC2=CC=CC=C21)(C(=O)NCC(C3=CC=CC=C3)NC(=O)CCC(=O)O)NC(=O)OC4C5CC6CC(C5)CC4C6
CB05449,CIDs02882155,306.40148,C1CC(C2=C(C1)C3=C(N2)C=CC(=C3)C4=CC=CC=C4)NCCO
GW 842166X,CIDs10253143,449.25439,C1COCCC1CNC(=O)C2=CN=C(N=C2C(F)(F)F)NC3=C(C=C(C=C3)Cl)Cl
6-iodopravadoline,CIDs04302963,504.36067,CC1=C(C2=C(N1CCN3CCOCC3)C=C(C=C2)I)C(=O)C4=CC=C(C=C4)OC
doripenem,CIDs00073303,420.50426,CC1C2C(C(=O)N2C(=C1SC3CC(NC3)CNS(=O)(=O)N)C(=O)O)C(C)O
dichlorphenamide,CIDs00003038,305.15884,C1=C(C=C(C(=C1S(=O)(=O)N)Cl)Cl)S(=O)(=O)N
indapamide,CIDs00003702,365.83454,CC1CC2=CC=CC=C2N1NC(=O)C3=CC(=C(C=C3)Cl)S(=O)(=O)N
metolazone,CIDs00004170,365.83454,CC1NC2=CC(=C(C=C2C(=O)N1C3=CC=CC=C3C)S(=O)(=O)N)Cl
AGN-PC-0NGQ9X,CIDs11151389,321.37636,C1=CC=C(C=C1)NC2=CC=C(C=C2)NC3=NC=CC(=N3)NCCO
sibutramine,CIDs00005210,279.84804,CC(C)CC(C1(CCC1)C2=CC=C(C=C2)Cl)N(C)C
aripiprazole,CIDs00060795,448.38538,C1CC(=O)NC2=C1C=CC(=C2)OCCCCN3CCN(CC3)C4=C(C(=CC=C4)Cl)Cl
biperiden,CIDs00002381,311.46106,C1CCN(CC1)CCC(C2CC3CC2C=C3)(C4=CC=CC=C4)O
"2-[5-Ethyltetrahydro-5-[tetrahydro-3-methyl-5-[tetrahydro-6-hydroxy-6-(hydroxymethyl)-3,5-dimethyl-2H-pyran-2-yl]-2-furyl]-2-furyl]-9-hydroxy-|A-methoxy-|A,|A,2,8-tetramethyl-1,6-dioxaspiro[4.5]decane-7-butyric Acid Sodium",CIDs71750775,692.852709,CCC1(CCC(O1)C2(CCC3(O2)CC(C(C(O3)C(C)C(C(C)C(=O)[O-])OC)C)O)C)C4C(CC(O4)C5C(CC(C(O5)(CO)O)C)C)C.[Na+]
fenticonazole,CIDs00051754,518.41224,C1=CC=C(C=C1)SC2=CC=C(C=C2)COC(CN3C=CN=C3)C4=C(C=C(C=C4)Cl)Cl.[N+](=O)(O)[O-]
Cl-12625,CIDs05284447,665.72518,CC1CC=CC=CC=CC=CC(CC2C(C(CC(O2)(CC(CC3C(O3)C=CC(=O)O1)O)O)O)C(=O)O)OC4C(C(C(C(O4)C)O)N)O
artesunate,CIDs06917864,384.42082,CC1CCC2C(C(OC3C24C1CCC(O3)(OO4)C)OC(=O)CCC(=O)O)C
procaterol hydrochloride,CIDs00043091,326.81842,CCC(C(C1=C2C=CC(=O)NC2=C(C=C1)O)O)NC(C)C.Cl
rhein,CIDs00010168,284.22042,C1=CC2=C(C(=C1)O)C(=O)C3=C(C=C(C=C3C2=O)C(=O)O)O
ADL-5859,CIDs11417954,392.49072,CCN(CC)C(=O)C1=CC=C(C=C1)C2=CC3(CCNCC3)OC4=C2C(=CC=C4)O
benzamil,CIDs00108107,319.74956,C1=CC=C(C=C1)CN=C(N)NC(=O)C2=C(N=C(C(=N2)Cl)N)N
kaempferol,CIDs05280863,286.2363,C1=CC(=CC=C1C2=C(C(=O)C3=C(C=C(C=C3O2)O)O)O)O
tolnaftate,CIDs00005510,307.40938,CC1=CC(=CC=C1)N(C)C(=S)OC2=CC3=CC=CC=C3C=C2
flupirtine,CIDs00053275,420.391643,CCOC(=O)NC1=C(N=C(C=C1)NCC2=CC=C(C=C2)F)N.C(=CC(=O)O)C(=O)O
telithromycin,CIDs03002190,812.0037,CCC1C2(C(C(C(=O)C(CC(C(C(C(=O)C(C(=O)O1)C)C)OC3C(C(CC(O3)C)N(C)C)O)(C)OC)C)C)N(C(=O)O2)CCCCN4C=C(N=C4)C5=CN=CC=C5)C
amphotericin B,CIDs05280965,924.07902,CC1C=CC=CC=CC=CC=CC=CC=CC(CC2C(C(CC(O2)(CC(CC(C(CCC(CC(CC(=O)OC(C(C1O)C)C)O)O)O)O)O)O)O)C(=O)O)OC3C(C(C(C(O3)C)O)N)O
acitazanolast hydrate,CIDs00002006,233.18358,C1=CC(=CC(=C1)NC(=O)C(=O)O)C2=NNN=N2
AC1L1U2R,CIDs00060864,373.87316,CN(C)CCC=C1C2=CC=CC=C2COC3=C1C=C(C=C3)CC(=O)O.Cl
orotic acid,CIDs00000967,156.09626,C1=C(NC(=O)NC1=O)C(=O)O
ML329,CIDs12387471,328.34248,C1=CC=C2C(=C1)C(=O)C=C(C2=O)NC3=CC=C(C=C3)S(=O)(=O)N
A-803467,CIDs16038374,357.78764,COC1=CC(=CC(=C1)NC(=O)C2=CC=C(O2)C3=CC=C(C=C3)Cl)OC
betaine,CIDs00000247,117.14634,C[N+](C)(C)CC(=O)[O-]
homoharringtonine,CIDs00285033,545.62126,CC(C)(CCCC(CC(=O)OC)(C(=O)OC1C2C3=CC4=C(C=C3CCN5C2(CCC5)C=C1OC)OCO4)O)O
Visudyne,CIDs05362420,718.79418,CC1=C(C2=CC3=NC(=CC4=C(C(=C(N4)C=C5C6(C(C(=CC=C6C(=N5)C=C1N2)C(=O)OC)C(=O)OC)C)C)CCC(=O)OC)C(=C3C)CCC(=O)O)C=C
disulfiram,CIDs00003117,296.5392,CCN(CC)C(=S)SSC(=S)N(CC)CC
berberine,CIDs00002353,336.36122,COC1=C(C2=C[N+]3=C(C=C2C=C1)C4=CC5=C(C=C4CC3)OCO5)OC
ML282,CIDs01067700,390.47652,CC1(CC2=C(CO1)SC(=C2C(=O)O)NC(=S)NC(=O)C3=CC=CC=C3)C
AGN-PC-0HSSYL,CIDs68234129,360.4091,C1CC1C(=O)NC2=NNC3=C2C=CC(=C3)C4=CC(=CC=C4)C(=O)NC5CC5
favipiravir,CIDs00492405,157.102563,C1=C(N=C(C(=O)N1)C(=O)N)F
sofosbuvir,CIDs45375808,529.452525,CC(C)OC(=O)C(C)NP(=O)(OCC1C(C(C(O1)N2C=CC(=O)NC2=O)(C)F)O)OC3=CC=CC=C3
nesbuvir,CIDs11561383,446.491823,CNC(=O)C1=C(OC2=CC(=C(C=C21)C3CC3)N(CCO)S(=O)(=O)C)C4=CC=C(C=C4)F
lamotrigine,CIDs00003878,256.09138,C1=CC(=C(C(=C1)Cl)Cl)C2=C(N=C(N=N2)N)N
proparacaine,CIDs00004935,294.38924,CCCOC1=C(C=C(C=C1)C(=O)OCCN(CC)CC)N
as1949490,CIDs44473434,371.88042,CC(C1=CC=CC=C1)NC(=O)C2=C(C=CS2)OCC3=CC=C(C=C3)Cl
dabigatran,CIDs00216210,471.5111,CN1C2=C(C=C(C=C2)C(=O)N(CCC(=O)O)C3=CC=CC=N3)N=C1CNC4=CC=C(C=C4)C(=N)N
piperacetazine,CIDs00019675,410.5722,CC(=O)C1=CC2=C(C=C1)SC3=CC=CC=C3N2CCCN4CCC(CC4)CCO
AGN-PC-04XSIT,CIDs25226117,574.09478,CC(C)S(=O)(=O)C1=CC=CC=C1NC2=NC(=NC(=C2Cl)N)NC3=C(C=C(C=C3)N4CCC(CC4)C(=O)N)OC
alendronate,CIDs00002088,249.096044,C(CC(O)(P(=O)(O)O)P(=O)(O)O)CN
U0126,CIDs03006531,380.48984,C1=CC=C(C(=C1)N)SC(=C(C#N)C(=C(N)SC2=CC=CC=C2N)C#N)N
CHEMBL3188661,CIDs73265214,458.38999,CC1=C(C=C(C=C1)C(=O)NC2=CC(=CC(=C2)C(F)(F)F)NC(=O)C=C)NC(=O)C3=CC=NO3
CHEMBL494027,CIDs44573504,480.58252,CC(C)(CN1C2=C(C=C(C=C2)CN3CCOCC3)N=C1NC(=O)C4=CC=C(S4)C5=CNN=C5)O
NCGC00344999-01,CIDs73265222,526.69556,CC(C(C)(C)C)NCC1=CC2=C(C=C1)N(C(=N2)NC(=O)C3=CC=C(S3)C4=CNN=C4)CCC5=CC=CC=C5
taxifolin,CIDs00439533,304.25158,C1=CC(=C(C=C1C2C(C(=O)C3=C(C=C(C=C3O2)O)O)O)O)O
tetrahydroberberine,CIDs00034458,339.38504,COC1=C(C2=C(CC3C4=CC5=C(C=C4CCN3C2)OCO5)C=C1)OC
cinchonine sulfate,CIDs00002757,294.39078,C=CC1CN2CCC1CC2C(C3=CC=NC4=CC=CC=C34)O
ondansetron,CIDs00004595,293.36296,CC1=NC=CN1CC2CCC3=C(C2=O)C4=CC=CC=C4N3C
1-naphthalenyl)methanone mesylate,CIDs05311501,426.50694,CC1=C(C2=C3N1C(COC3=CC=C2)CN4CCOCC4)C(=O)C5=CC=CC6=CC=CC=C65
etodolac,CIDs00003308,287.35354,CCC1=CC=CC2=C1NC3=C2CCOC3(CC)CC(=O)O
bacitracin A,CIDs00065281,1422.69332,CCC(C)C1C(=O)NC(C(=O)NC(C(=O)NC(C(=O)NC(C(=O)NCCCCC(C(=O)NC(C(=O)N1)CCCN)NC(=O)C(C(C)CC)NC(=O)C(CCC(=O)O)NC(=O)C(CC(C)C)NC(=O)C2CSC(=N2)C(C(C)CC)N)CC(=O)N)CC(=O)O)CC3=CN=CN3)CC4=CC=CC=C4
elaiophylin,CIDs06444206,1025.26572,CCC1C(OC(CC1OC2CC(C(C(O2)C)O)O)(C(C)C(C(C)C3C(C=CC=CC(=O)OC(C(C=CC=CC(=O)O3)C)C(C)C(C(C)C4(CC(C(C(O4)C)CC)OC5CC(C(C(O5)C)O)O)O)O)C)O)O)C
roxithromycin,CIDs06915744,837.04654,CCC1C(C(C(C(=NOCOCCOC)C(CC(C(C(C(C(C(=O)O1)C)OC2CC(C(C(O2)C)O)(C)OC)C)OC3C(C(CC(O3)C)N(C)C)O)(C)O)C)C)O)(C)O
clarithromycin,CIDs00084029,747.95336,CCC1C(C(C(C(=O)C(CC(C(C(C(C(C(=O)O1)C)OC2CC(C(C(O2)C)O)(C)OC)C)OC3C(C(CC(O3)C)N(C)C)O)(C)OC)C)C)O)(C)O
isepamicin,CIDs00003755,569.60312,CC1(COC(C(C1NC)O)OC2C(CC(C(C2O)OC3C(C(C(C(O3)CN)O)O)O)N)NC(=O)C(CN)O)O
neomycin sulphate,CIDs00062403,712.72222,C1C(C(C(C(C1N)OC2C(C(C(C(O2)CN)O)O)N)OC3C(C(C(O3)CO)OC4C(C(C(C(O4)CN)O)O)N)O)O)N.OS(=O)(=O)O
streptomycin,CIDs00019648,1457.38356,CC1C(C(C(O1)OC2C(C(C(C(C2O)O)N=C(N)N)O)N=C(N)N)OC3C(C(C(C(O3)CO)O)O)NC)(C=O)O.CC1C(C(C(O1)OC2C(C(C(C(C2O)O)N=C(N)N)O)N=C(N)N)OC3C(C(C(C(O3)CO)O)O)NC)(C=O)O.OS(=O)(=O)O.OS(=O)(=O)O.OS(=O)(=O)O
biapenem,CIDs00071339,350.39282,CC1C2C(C(=O)N2C(=C1SC3CN4C=NC=[N+]4C3)C(=O)[O-])C(C)O
imipenem,CIDs00104838,299.34608,CC(C1C2CC(=C(N2C1=O)C(=O)O)SCCN=CN)O
TBPM-PI,CIDs09892071,497.62804,CC1C2C(C(=O)N2C(=C1SC3CN(C3)C4=NCCS4)C(=O)OCOC(=O)C(C)(C)C)C(C)O
cefoselis,CIDs09830519,620.63646,CON=C(C1=CSC(=N1)N)C(=O)NC2C3N(C2=O)C(=C(CS3)CN4C=CC(=N)N4CCO)C(=O)O.OS(=O)(=O)O
chloramphenicol palmitate,CIDs00443382,561.53818,CCCCCCCCCCCCCCCC(=O)OCC(C(C1=CC=C(C=C1)[N+](=O)[O-])O)NC(=O)C(Cl)Cl
Supramid,CIDs00005326,280.30298,COC1=CN=C(N=C1)NS(=O)(=O)C2=CC=C(C=C2)N
sulfaphenazole,CIDs00005335,314.36226,C1=CC=C(C=C1)N2C(=CC=N2)NS(=O)(=O)C3=CC=C(C=C3)N
sulfisoxazole,CIDs00005344,267.30422,CC1=C(ON=C1C)NS(=O)(=O)C2=CC=C(C=C2)N
lincomycin,CIDs00064710,442.9983,CCCC1CC(N(C1)C)C(=O)NC(C2C(C(C(C(O2)SC)O)O)O)C(C)O.Cl
ABOB,CIDs00071655,171.20032,C1COCCN1C(=N)N=C(N)N
HIV integrase inhibitor,CIDs54682040,410.419963,CN1C(=O)C(=C(N=C1N2CCCCS2(=O)=O)C(=O)NCC3=CC=C(C=C3)F)O
BMS-378806,CIDs05495818,406.43448,CC1CN(CCN1C(=O)C(=O)C2=CNC3=NC=CC(=C23)OC)C(=O)C4=CC=CC=C4
carvedilol,CIDs00002585,406.47424,COC1=CC=CC=C1OCCNCC(COC2=CC=CC3=C2C4=CC=CC=C4N3)O
Actimis,CIDs45270144,501.50085,CN(C)C1=C(C(=NC(=N1)CC2=CC=C(C=C2)NC(=O)C3=CC=C(C=C3)C(F)(F)F)N(C)C)CC(=O)O
peramivir,CIDs00154234,328.40722,CCC(CC)C(C1C(CC(C1O)C(=O)O)N=C(N)N)NC(=O)C
AVN944,CIDs09918559,477.51238,CCC(CC#N)OC(=O)NC(C)C1=CC(=CC=C1)NC(=O)NC2=CC(=C(C=C2)C3=CN=CO3)OC
matrine,CIDs00091466,248.36386,C1CC2C3CCCN4C3C(CCC4)CN2C(=O)C1
cyprodime,CIDs05748293,355.47056,COC1=CC=CC2=C1C34CCN(C(C2)C3(CCC(=O)C4)OC)CC5CC5
C13H17NO4,CIDs00071916,251.27838,COC1=C(C(=CC(=C1)CC=C)C(=O)NCCO)O
cyclovirobuxine D,CIDs00260439,402.65624,CC(C1C(CC2(C1(CCC34C2CCC5C3(C4)CCC(C5(C)C)NC)C)C)O)NC
NSC756696,CIDs06419884,461.44396,CCCC1CC(N(C1)C)C(=O)NC(C2C(C(C(C(O2)SC)O)O)O)C(C)Cl.Cl
(+)-JQ-1,CIDs46907787,456.9882,CC1=C(SC2=C1C(=NC(C3=NN=C(N32)C)CC(=O)OC(C)(C)C)C4=CC=C(C=C4)Cl)C
veliparib,CIDs11960529,244.29234,CC1(CCCN1)C2=NC3=C(C=CC=C3N2)C(=O)N
L-778123,CIDs00216453,442.34104,C1CN(C(=O)CN1CC2=CN=CN2CC3=CC=C(C=C3)C#N)C4=CC(=CC=C4)Cl.Cl
PD 0325901,CIDs09826528,482.19304,C1=CC(=C(C=C1I)F)NC2=C(C=CC(=C2F)F)C(=O)NOCC(CO)O
MK-1775,CIDs24856436,500.59538,CC(C)(C1=NC(=CC=C1)N2C3=NC(=NC=C3C(=O)N2CC=C)NC4=CC=C(C=C4)N5CCN(CC5)C)O
niraparib,CIDs24958200,320.3883,C1CC(CNC1)C2=CC=C(C=C2)N3C=C4C=CC=C(C4=N3)C(=O)N
ridaforolimus,CIDs11520894,990.206122,CC1CCC2CC(C(=CC=CC=CC(CC(C(=O)C(C(C(=CC(C(=O)CC(OC(=O)C3CCCCN3C(=O)C(=O)C1(O2)O)C(C)CC4CCC(C(C4)OC)OP(=O)(C)C)C)C)O)OC)C)C)C)OC
5-fluorouracil,CIDs00003385,130.077223,C1=C(C(=O)NC(=O)N1)F
CHEMBL196215,CIDs15953832,551.587959,C1CC2CC3=C(CC1C24CN(S(=O)(=O)N4)CC(F)(F)F)C=CC(=C3)C=CCN5CCC(CC5)C(F)(F)F
SCHEMBL14184849,CIDs59691338,428.48835,CC12CCC3C(C1CCC2NC(=O)OCC(F)(F)F)CCC4C3(C=CC(=O)N4C)C
NSC105014,CIDs00001546,285.68698,C1C(C(OC1N2C=NC3=C2N=C(N=C3N)Cl)CO)O
ArAAC,CIDs00001805,244.20468,C1=NC(=NC(=O)N1C2C(C(C(O2)CO)O)O)N
raloxifene,CIDs00005035,473.58328,C1CCN(CC1)CCOC2=CC=C(C=C2)C(=O)C3=C(SC4=C3C=CC(=C4)O)C5=CC=C(C=C5)O
NSC132361,CIDs00248862,297.2673,COC1=NC(=NC2=C1N=CN2C3C(C(C(O3)CO)O)O)N
NSC733504,CIDs54608520,958.22442,CC1CCC2CC(C(=CC=CC=CC(CC(C(=O)C(C(C(=CC(C(=O)CC(OC(=O)C3CCCCN3C(=O)C(=O)C1(O2)O)C(C)CC4CCC(C(C4)OC)OCCO)C)C)O)OC)C)C)C)OC
N-trifluoroacetyladriamycin-14-valerate,CIDs00041744,723.64375,CCCCC(=O)OCC(=O)C1(CC(C2=C(C3=C(C(=C2C1)O)C(=O)C4=C(C3=O)C(=CC=C4)OC)O)OC5CC(C(C(O5)C)O)NC(=O)C(F)(F)F)O
2-fluoroadenosine,CIDs00003367,285.231783,C1=NC2=C(N1C3C(C(C(O3)CO)O)O)N=C(N=C2N)F
NSC606869,CIDs00354624,303.677443,C1=NC2=C(N1C3C(C(C(O3)CO)O)F)N=C(N=C2N)Cl
bleomycin,CIDs05360373,1415.55176,CC1=C(N=C(N=C1N)C(CC(=O)N)NCC(C(=O)N)N)C(=O)NC(C(C2=CN=CN2)OC3C(C(C(C(O3)CO)O)O)OC4C(C(C(C(O4)CO)O)OC(=O)N)O)C(=O)NC(C)C(C(C)C(=O)NC(C(C)O)C(=O)NCCC5=NC(=CS5)C6=NC(=CS6)C(=O)NCCC[S+](C)C)O
demethyepipodophyll otoxin,CIDs00439525,588.55658,CC1OCC2C(O1)C(C(C(O2)OC3C4COC(=O)C4C(C5=CC6=C(C=C35)OCO6)C7=CC(=C(C(=C7)OC)O)OC)O)O
Xeloda (Roche,CIDs00400633,359.350083,CCCCCOC(=O)NC1=NC(=O)N(C=C1F)C2C(C(C(O2)C)O)O
NSC-226080,CIDs54600319,914.17186,CC1CCC2CC(C(=CC=CC=CC(CC(C(=O)C(C(C(=CC(C(=O)CC(OC(=O)C3CCCCN3C(=O)C(=O)C1(O2)O)C(C)CC4CCC(C(C4)OC)O)C)C)O)OC)C)C)C)OC
Niapent,CIDs00040926,268.26914,C1C(C(OC1N2C=NC3=C2NC=NCC3O)CO)O
doxorubicin hydrochloride,CIDs00032874,579.9802,CC1C(C(CC(O1)OC2CC(CC3=C(C4=C(C(=C23)O)C(=O)C5=C(C4=O)C=CC=C5OC)O)(C(=O)CO)O)N)O.Cl
streptozotocine,CIDs23615975,265.2206,CN(C(=O)NC(C=O)C(C(C(CO)O)O)O)N=O
5-aza-2'-deoxycytidine,CIDs00016886,228.20528,C1C(C(OC1N2C=NC(=NC2=O)N)CO)O
4-DMDR,CIDs00003685,497.49388,CC1C(C(CC(O1)OC2CC(CC3=C(C4=C(C(=C23)O)C(=O)C5=CC=CC=C5C4=O)O)(C(=O)C)O)N)O
